test,passes,diameter_nm,intensity_pct
20260729A,1 pass,10.0,0.0
20260729A,1 pass,10.1,0.0
20260729A,1 pass,11.7,0.0
20260729A,1 pass,13.5,0.0
20260729A,1 pass,15.8,0.0
20260729A,1 pass,18.2,0.0
20260729A,1 pass,21.0,0.0
20260729A,1 pass,24.5,0.0
20260729A,1 pass,28.3,0.0
20260729A,1 pass,32.6,0.0
20260729A,1 pass,37.6,0.0
20260729A,1 pass,43.9,0.0
20260729A,1 pass,50.7,0.0
20260729A,1 pass,58.5,0.0
20260729A,1 pass,68.3,0.0
20260729A,1 pass,78.8,0.0
20260729A,1 pass,90.9,0.48
20260729A,1 pass,106.2,1.67
20260729A,1 pass,122.6,3.81
20260729A,1 pass,141.4,6.9
20260729A,1 pass,165.2,10.24
20260729A,1 pass,190.6,12.86
20260729A,1 pass,219.8,14.52
20260729A,1 pass,253.6,14.52
20260729A,1 pass,296.3,13.1
20260729A,1 pass,341.8,10.24
20260729A,1 pass,394.3,6.9
20260729A,1 pass,460.8,3.57
20260729A,1 pass,531.6,1.19
20260729A,1 pass,613.2,0.0
20260729A,1 pass,716.6,0.0
20260729A,1 pass,826.6,0.0
20260729A,1 pass,953.5,0.0
20260729A,1 pass,1099.9,0.0
20260729A,1 pass,1285.4,0.0
20260729A,1 pass,1482.7,0.0
20260729A,1 pass,1710.3,0.0
20260729A,1 pass,1998.7,0.0
20260729A,1 pass,2305.6,0.0
20260729A,1 pass,2659.6,0.0
20260729A,1 pass,3108.0,0.0
20260729A,1 pass,3585.2,0.0
20260729A,1 pass,4135.6,0.0
20260729A,1 pass,4770.6,0.0
20260729A,1 pass,5574.9,0.0
20260729A,1 pass,6430.9,0.0
20260729A,1 pass,7418.2,0.0
20260729A,1 pass,8669.0,0.0
20260729A,1 pass,10000.0,0.0
20260729A,3 passes,10.0,0.0
20260729A,3 passes,10.1,0.0
20260729A,3 passes,11.7,0.0
20260729A,3 passes,13.5,0.0
20260729A,3 passes,15.8,0.0
20260729A,3 passes,18.2,0.0
20260729A,3 passes,21.0,0.0
20260729A,3 passes,24.5,0.0
20260729A,3 passes,28.3,0.0
20260729A,3 passes,32.6,0.0
20260729A,3 passes,37.6,0.0
20260729A,3 passes,43.9,0.0
20260729A,3 passes,50.7,0.0
20260729A,3 passes,58.5,0.0
20260729A,3 passes,68.3,0.0
20260729A,3 passes,78.8,0.0
20260729A,3 passes,90.9,0.0
20260729A,3 passes,106.2,1.19
20260729A,3 passes,122.6,4.76
20260729A,3 passes,141.4,9.52
20260729A,3 passes,165.2,13.81
20260729A,3 passes,190.6,16.43
20260729A,3 passes,219.8,16.67
20260729A,3 passes,253.6,14.52
20260729A,3 passes,296.3,11.19
20260729A,3 passes,341.8,7.14
20260729A,3 passes,394.3,3.57
20260729A,3 passes,460.8,1.19
20260729A,3 passes,531.6,0.0
20260729A,3 passes,613.2,0.0
20260729A,3 passes,716.6,0.0
20260729A,3 passes,826.6,0.0
20260729A,3 passes,953.5,0.0
20260729A,3 passes,1099.9,0.0
20260729A,3 passes,1285.4,0.0
20260729A,3 passes,1482.7,0.0
20260729A,3 passes,1710.3,0.0
20260729A,3 passes,1998.7,0.0
20260729A,3 passes,2305.6,0.0
20260729A,3 passes,2659.6,0.0
20260729A,3 passes,3108.0,0.0
20260729A,3 passes,3585.2,0.0
20260729A,3 passes,4135.6,0.0
20260729A,3 passes,4770.6,0.0
20260729A,3 passes,5574.9,0.0
20260729A,3 passes,6430.9,0.0
20260729A,3 passes,7418.2,0.0
20260729A,3 passes,8669.0,0.0
20260729A,3 passes,10000.0,0.0
20260729A,5 passes,10.0,0.0
20260729A,5 passes,10.1,0.0
20260729A,5 passes,11.7,0.0
20260729A,5 passes,13.5,0.0
20260729A,5 passes,15.8,0.0
20260729A,5 passes,18.2,0.0
20260729A,5 passes,21.0,0.0
20260729A,5 passes,24.5,0.0
20260729A,5 passes,28.3,0.0
20260729A,5 passes,32.6,0.0
20260729A,5 passes,37.6,0.0
20260729A,5 passes,43.9,0.0
20260729A,5 passes,50.7,0.0
20260729A,5 passes,58.5,0.0
20260729A,5 passes,68.3,0.0
20260729A,5 passes,78.8,0.0
20260729A,5 passes,90.9,0.0
20260729A,5 passes,106.2,0.24
20260729A,5 passes,122.6,3.1
20260729A,5 passes,141.4,8.33
20260729A,5 passes,165.2,13.57
20260729A,5 passes,190.6,17.38
20260729A,5 passes,219.8,18.33
20260729A,5 passes,253.6,16.43
20260729A,5 passes,296.3,12.14
20260729A,5 passes,341.8,7.14
20260729A,5 passes,394.3,2.86
20260729A,5 passes,460.8,0.48
20260729A,5 passes,531.6,0.0
20260729A,5 passes,613.2,0.0
20260729A,5 passes,716.6,0.0
20260729A,5 passes,826.6,0.0
20260729A,5 passes,953.5,0.0
20260729A,5 passes,1099.9,0.0
20260729A,5 passes,1285.4,0.0
20260729A,5 passes,1482.7,0.0
20260729A,5 passes,1710.3,0.0
20260729A,5 passes,1998.7,0.0
20260729A,5 passes,2305.6,0.0
20260729A,5 passes,2659.6,0.0
20260729A,5 passes,3108.0,0.0
20260729A,5 passes,3585.2,0.0
20260729A,5 passes,4135.6,0.0
20260729A,5 passes,4770.6,0.0
20260729A,5 passes,5574.9,0.0
20260729A,5 passes,6430.9,0.0
20260729A,5 passes,7418.2,0.0
20260729A,5 passes,8669.0,0.0
20260729A,5 passes,10000.0,0.0
20260729A,7 passes,10.0,0.0
20260729A,7 passes,10.1,0.0
20260729A,7 passes,11.7,0.0
20260729A,7 passes,13.5,0.0
20260729A,7 passes,15.8,0.0
20260729A,7 passes,18.2,0.0
20260729A,7 passes,21.0,0.0
20260729A,7 passes,24.5,0.0
20260729A,7 passes,28.3,0.0
20260729A,7 passes,32.6,0.0
20260729A,7 passes,37.6,0.0
20260729A,7 passes,43.9,0.0
20260729A,7 passes,50.7,0.0
20260729A,7 passes,58.5,0.0
20260729A,7 passes,68.3,0.0
20260729A,7 passes,78.8,0.0
20260729A,7 passes,90.9,0.0
20260729A,7 passes,106.2,0.0
20260729A,7 passes,122.6,0.0
20260729A,7 passes,141.4,7.62
20260729A,7 passes,165.2,20.0
20260729A,7 passes,190.6,27.62
20260729A,7 passes,219.8,25.24
20260729A,7 passes,253.6,15.0
20260729A,7 passes,296.3,4.29
20260729A,7 passes,341.8,0.0
20260729A,7 passes,394.3,0.0
20260729A,7 passes,460.8,0.0
20260729A,7 passes,531.6,0.0
20260729A,7 passes,613.2,0.0
20260729A,7 passes,716.6,0.0
20260729A,7 passes,826.6,0.0
20260729A,7 passes,953.5,0.0
20260729A,7 passes,1099.9,0.0
20260729A,7 passes,1285.4,0.0
20260729A,7 passes,1482.7,0.0
20260729A,7 passes,1710.3,0.0
20260729A,7 passes,1998.7,0.0
20260729A,7 passes,2305.6,0.0
20260729A,7 passes,2659.6,0.0
20260729A,7 passes,3108.0,0.0
20260729A,7 passes,3585.2,0.0
20260729A,7 passes,4135.6,0.0
20260729A,7 passes,4770.6,0.0
20260729A,7 passes,5574.9,0.0
20260729A,7 passes,6430.9,0.0
20260729A,7 passes,7418.2,0.0
20260729A,7 passes,8669.0,0.0
20260729A,7 passes,10000.0,0.0
20260729A,10 passes,10.0,0.0
20260729A,10 passes,10.1,0.0
20260729A,10 passes,11.7,0.0
20260729A,10 passes,13.5,0.0
20260729A,10 passes,15.8,0.0
20260729A,10 passes,18.2,0.0
20260729A,10 passes,21.0,0.0
20260729A,10 passes,24.5,0.0
20260729A,10 passes,28.3,0.0
20260729A,10 passes,32.6,0.0
20260729A,10 passes,37.6,0.0
20260729A,10 passes,43.9,0.0
20260729A,10 passes,50.7,0.0
20260729A,10 passes,58.5,0.0
20260729A,10 passes,68.3,0.0
20260729A,10 passes,78.8,0.0
20260729A,10 passes,90.9,0.0
20260729A,10 passes,106.2,2.14
20260729A,10 passes,122.6,5.71
20260729A,10 passes,141.4,10.24
20260729A,10 passes,165.2,13.81
20260729A,10 passes,190.6,15.71
20260729A,10 passes,219.8,15.71
20260729A,10 passes,253.6,13.81
20260729A,10 passes,296.3,10.71
20260729A,10 passes,341.8,7.14
20260729A,10 passes,394.3,3.81
20260729A,10 passes,460.8,1.43
20260729A,10 passes,531.6,0.24
20260729A,10 passes,613.2,0.0
20260729A,10 passes,716.6,0.0
20260729A,10 passes,826.6,0.0
20260729A,10 passes,953.5,0.0
20260729A,10 passes,1099.9,0.0
20260729A,10 passes,1285.4,0.0
20260729A,10 passes,1482.7,0.0
20260729A,10 passes,1710.3,0.0
20260729A,10 passes,1998.7,0.0
20260729A,10 passes,2305.6,0.0
20260729A,10 passes,2659.6,0.0
20260729A,10 passes,3108.0,0.0
20260729A,10 passes,3585.2,0.0
20260729A,10 passes,4135.6,0.0
20260729A,10 passes,4770.6,0.0
20260729A,10 passes,5574.9,0.0
20260729A,10 passes,6430.9,0.0
20260729A,10 passes,7418.2,0.0
20260729A,10 passes,8669.0,0.0
20260729A,10 passes,10000.0,0.0
20260729B,1 pass,10.0,0.0
20260729B,1 pass,10.1,0.0
20260729B,1 pass,11.7,0.0
20260729B,1 pass,13.5,0.0
20260729B,1 pass,15.8,0.0
20260729B,1 pass,18.2,0.0
20260729B,1 pass,21.0,0.0
20260729B,1 pass,24.5,0.0
20260729B,1 pass,28.3,0.0
20260729B,1 pass,32.6,0.0
20260729B,1 pass,37.6,0.0
20260729B,1 pass,43.9,0.0
20260729B,1 pass,50.7,0.0
20260729B,1 pass,58.5,0.0
20260729B,1 pass,68.3,0.0
20260729B,1 pass,78.8,0.0
20260729B,1 pass,90.9,0.0
20260729B,1 pass,106.2,0.0
20260729B,1 pass,122.6,2.54
20260729B,1 pass,141.4,6.98
20260729B,1 pass,165.2,11.59
20260729B,1 pass,190.6,15.08
20260729B,1 pass,219.8,16.35
20260729B,1 pass,253.6,15.56
20260729B,1 pass,296.3,12.86
20260729B,1 pass,341.8,9.21
20260729B,1 pass,394.3,5.56
20260729B,1 pass,460.8,2.54
20260729B,1 pass,531.6,0.63
20260729B,1 pass,613.2,0.0
20260729B,1 pass,716.6,0.0
20260729B,1 pass,826.6,0.0
20260729B,1 pass,953.5,0.0
20260729B,1 pass,1099.9,0.0
20260729B,1 pass,1285.4,0.0
20260729B,1 pass,1482.7,0.0
20260729B,1 pass,1710.3,0.0
20260729B,1 pass,1998.7,0.0
20260729B,1 pass,2305.6,0.0
20260729B,1 pass,2659.6,0.0
20260729B,1 pass,3108.0,0.0
20260729B,1 pass,3585.2,0.0
20260729B,1 pass,4135.6,0.16
20260729B,1 pass,4770.6,0.32
20260729B,1 pass,5574.9,0.48
20260729B,1 pass,6430.9,0.0
20260729B,1 pass,7418.2,0.0
20260729B,1 pass,8669.0,0.0
20260729B,1 pass,10000.0,0.0
20260729B,3 passes,10.0,0.0
20260729B,3 passes,10.1,0.0
20260729B,3 passes,11.7,0.0
20260729B,3 passes,13.5,0.0
20260729B,3 passes,15.8,0.0
20260729B,3 passes,18.2,0.0
20260729B,3 passes,21.0,0.0
20260729B,3 passes,24.5,0.0
20260729B,3 passes,28.3,0.0
20260729B,3 passes,32.6,0.0
20260729B,3 passes,37.6,0.0
20260729B,3 passes,43.9,0.0
20260729B,3 passes,50.7,0.0
20260729B,3 passes,58.5,0.0
20260729B,3 passes,68.3,0.0
20260729B,3 passes,78.8,0.0
20260729B,3 passes,90.9,0.0
20260729B,3 passes,106.2,0.32
20260729B,3 passes,122.6,3.17
20260729B,3 passes,141.4,7.78
20260729B,3 passes,165.2,12.7
20260729B,3 passes,190.6,16.35
20260729B,3 passes,219.8,17.62
20260729B,3 passes,253.6,16.19
20260729B,3 passes,296.3,12.7
20260729B,3 passes,341.8,8.1
20260729B,3 passes,394.3,3.97
20260729B,3 passes,460.8,1.11
20260729B,3 passes,531.6,0.0
20260729B,3 passes,613.2,0.0
20260729B,3 passes,716.6,0.0
20260729B,3 passes,826.6,0.0
20260729B,3 passes,953.5,0.0
20260729B,3 passes,1099.9,0.0
20260729B,3 passes,1285.4,0.0
20260729B,3 passes,1482.7,0.0
20260729B,3 passes,1710.3,0.0
20260729B,3 passes,1998.7,0.0
20260729B,3 passes,2305.6,0.0
20260729B,3 passes,2659.6,0.0
20260729B,3 passes,3108.0,0.0
20260729B,3 passes,3585.2,0.0
20260729B,3 passes,4135.6,0.0
20260729B,3 passes,4770.6,0.0
20260729B,3 passes,5574.9,0.0
20260729B,3 passes,6430.9,0.0
20260729B,3 passes,7418.2,0.0
20260729B,3 passes,8669.0,0.0
20260729B,3 passes,10000.0,0.0
20260729B,5 passes,10.0,0.0
20260729B,5 passes,10.1,0.0
20260729B,5 passes,11.7,0.0
20260729B,5 passes,13.5,0.0
20260729B,5 passes,15.8,0.0
20260729B,5 passes,18.2,0.0
20260729B,5 passes,21.0,0.0
20260729B,5 passes,24.5,0.0
20260729B,5 passes,28.3,0.0
20260729B,5 passes,32.6,0.0
20260729B,5 passes,37.6,0.0
20260729B,5 passes,43.9,0.0
20260729B,5 passes,50.7,0.0
20260729B,5 passes,58.5,0.0
20260729B,5 passes,68.3,0.0
20260729B,5 passes,78.8,0.0
20260729B,5 passes,90.9,0.0
20260729B,5 passes,106.2,0.16
20260729B,5 passes,122.6,3.33
20260729B,5 passes,141.4,8.41
20260729B,5 passes,165.2,13.49
20260729B,5 passes,190.6,17.14
20260729B,5 passes,219.8,17.94
20260729B,5 passes,253.6,16.03
20260729B,5 passes,296.3,12.06
20260729B,5 passes,341.8,7.3
20260729B,5 passes,394.3,3.17
20260729B,5 passes,460.8,0.79
20260729B,5 passes,531.6,0.0
20260729B,5 passes,613.2,0.0
20260729B,5 passes,716.6,0.0
20260729B,5 passes,826.6,0.0
20260729B,5 passes,953.5,0.0
20260729B,5 passes,1099.9,0.0
20260729B,5 passes,1285.4,0.0
20260729B,5 passes,1482.7,0.0
20260729B,5 passes,1710.3,0.0
20260729B,5 passes,1998.7,0.0
20260729B,5 passes,2305.6,0.0
20260729B,5 passes,2659.6,0.0
20260729B,5 passes,3108.0,0.0
20260729B,5 passes,3585.2,0.0
20260729B,5 passes,4135.6,0.0
20260729B,5 passes,4770.6,0.0
20260729B,5 passes,5574.9,0.0
20260729B,5 passes,6430.9,0.0
20260729B,5 passes,7418.2,0.0
20260729B,5 passes,8669.0,0.0
20260729B,5 passes,10000.0,0.0
20260729B,7 passes,10.0,0.0
20260729B,7 passes,10.1,0.0
20260729B,7 passes,11.7,0.0
20260729B,7 passes,13.5,0.0
20260729B,7 passes,15.8,0.0
20260729B,7 passes,18.2,0.0
20260729B,7 passes,21.0,0.0
20260729B,7 passes,24.5,0.0
20260729B,7 passes,28.3,0.0
20260729B,7 passes,32.6,0.0
20260729B,7 passes,37.6,0.0
20260729B,7 passes,43.9,0.0
20260729B,7 passes,50.7,0.0
20260729B,7 passes,58.5,0.0
20260729B,7 passes,68.3,0.0
20260729B,7 passes,78.8,0.0
20260729B,7 passes,90.9,0.0
20260729B,7 passes,106.2,0.48
20260729B,7 passes,122.6,3.49
20260729B,7 passes,141.4,7.94
20260729B,7 passes,165.2,12.7
20260729B,7 passes,190.6,15.87
20260729B,7 passes,219.8,16.98
20260729B,7 passes,253.6,15.56
20260729B,7 passes,296.3,12.38
20260729B,7 passes,341.8,8.41
20260729B,7 passes,394.3,4.44
20260729B,7 passes,460.8,1.59
20260729B,7 passes,531.6,0.16
20260729B,7 passes,613.2,0.0
20260729B,7 passes,716.6,0.0
20260729B,7 passes,826.6,0.0
20260729B,7 passes,953.5,0.0
20260729B,7 passes,1099.9,0.0
20260729B,7 passes,1285.4,0.0
20260729B,7 passes,1482.7,0.0
20260729B,7 passes,1710.3,0.0
20260729B,7 passes,1998.7,0.0
20260729B,7 passes,2305.6,0.0
20260729B,7 passes,2659.6,0.0
20260729B,7 passes,3108.0,0.0
20260729B,7 passes,3585.2,0.0
20260729B,7 passes,4135.6,0.0
20260729B,7 passes,4770.6,0.0
20260729B,7 passes,5574.9,0.0
20260729B,7 passes,6430.9,0.0
20260729B,7 passes,7418.2,0.0
20260729B,7 passes,8669.0,0.0
20260729B,7 passes,10000.0,0.0
20260729B,10 passes,10.0,0.0
20260729B,10 passes,10.1,0.0
20260729B,10 passes,11.7,0.0
20260729B,10 passes,13.5,0.0
20260729B,10 passes,15.8,0.0
20260729B,10 passes,18.2,0.0
20260729B,10 passes,21.0,0.0
20260729B,10 passes,24.5,0.0
20260729B,10 passes,28.3,0.0
20260729B,10 passes,32.6,0.0
20260729B,10 passes,37.6,0.0
20260729B,10 passes,43.9,0.0
20260729B,10 passes,50.7,0.0
20260729B,10 passes,58.5,0.0
20260729B,10 passes,68.3,0.0
20260729B,10 passes,78.8,0.0
20260729B,10 passes,90.9,0.0
20260729B,10 passes,106.2,0.32
20260729B,10 passes,122.6,3.17
20260729B,10 passes,141.4,8.25
20260729B,10 passes,165.2,13.33
20260729B,10 passes,190.6,16.98
20260729B,10 passes,219.8,17.94
20260729B,10 passes,253.6,16.19
20260729B,10 passes,296.3,12.22
20260729B,10 passes,341.8,7.46
20260729B,10 passes,394.3,3.17
20260729B,10 passes,460.8,0.63
20260729B,10 passes,531.6,0.0
20260729B,10 passes,613.2,0.0
20260729B,10 passes,716.6,0.0
20260729B,10 passes,826.6,0.0
20260729B,10 passes,953.5,0.0
20260729B,10 passes,1099.9,0.0
20260729B,10 passes,1285.4,0.0
20260729B,10 passes,1482.7,0.0
20260729B,10 passes,1710.3,0.0
20260729B,10 passes,1998.7,0.0
20260729B,10 passes,2305.6,0.0
20260729B,10 passes,2659.6,0.0
20260729B,10 passes,3108.0,0.0
20260729B,10 passes,3585.2,0.0
20260729B,10 passes,4135.6,0.0
20260729B,10 passes,4770.6,0.0
20260729B,10 passes,5574.9,0.0
20260729B,10 passes,6430.9,0.0
20260729B,10 passes,7418.2,0.0
20260729B,10 passes,8669.0,0.0
20260729B,10 passes,10000.0,0.0
20260729C,1 pass,10.0,0.0
20260729C,1 pass,10.1,0.0
20260729C,1 pass,11.7,0.0
20260729C,1 pass,13.5,0.0
20260729C,1 pass,15.8,0.0
20260729C,1 pass,18.2,0.0
20260729C,1 pass,21.0,0.0
20260729C,1 pass,24.5,0.0
20260729C,1 pass,28.3,0.0
20260729C,1 pass,32.6,0.0
20260729C,1 pass,37.6,0.0
20260729C,1 pass,43.9,0.0
20260729C,1 pass,50.7,0.0
20260729C,1 pass,58.5,0.0
20260729C,1 pass,68.3,0.0
20260729C,1 pass,78.8,0.0
20260729C,1 pass,90.9,0.0
20260729C,1 pass,106.2,0.0
20260729C,1 pass,122.6,2.06
20260729C,1 pass,141.4,6.83
20260729C,1 pass,165.2,12.22
20260729C,1 pass,190.6,16.35
20260729C,1 pass,219.8,17.94
20260729C,1 pass,253.6,16.67
20260729C,1 pass,296.3,13.33
20260729C,1 pass,341.8,8.73
20260729C,1 pass,394.3,4.44
20260729C,1 pass,460.8,1.27
20260729C,1 pass,531.6,0.0
20260729C,1 pass,613.2,0.0
20260729C,1 pass,716.6,0.0
20260729C,1 pass,826.6,0.0
20260729C,1 pass,953.5,0.0
20260729C,1 pass,1099.9,0.0
20260729C,1 pass,1285.4,0.0
20260729C,1 pass,1482.7,0.0
20260729C,1 pass,1710.3,0.0
20260729C,1 pass,1998.7,0.0
20260729C,1 pass,2305.6,0.0
20260729C,1 pass,2659.6,0.0
20260729C,1 pass,3108.0,0.0
20260729C,1 pass,3585.2,0.0
20260729C,1 pass,4135.6,0.0
20260729C,1 pass,4770.6,0.0
20260729C,1 pass,5574.9,0.0
20260729C,1 pass,6430.9,0.0
20260729C,1 pass,7418.2,0.0
20260729C,1 pass,8669.0,0.0
20260729C,1 pass,10000.0,0.0
20260729C,3 passes,10.0,0.0
20260729C,3 passes,10.1,0.0
20260729C,3 passes,11.7,0.0
20260729C,3 passes,13.5,0.0
20260729C,3 passes,15.8,0.0
20260729C,3 passes,18.2,0.0
20260729C,3 passes,21.0,0.0
20260729C,3 passes,24.5,0.0
20260729C,3 passes,28.3,0.0
20260729C,3 passes,32.6,0.0
20260729C,3 passes,37.6,0.0
20260729C,3 passes,43.9,0.0
20260729C,3 passes,50.7,0.0
20260729C,3 passes,58.5,0.0
20260729C,3 passes,68.3,0.0
20260729C,3 passes,78.8,0.0
20260729C,3 passes,90.9,0.0
20260729C,3 passes,106.2,0.48
20260729C,3 passes,122.6,3.33
20260729C,3 passes,141.4,7.62
20260729C,3 passes,165.2,11.9
20260729C,3 passes,190.6,15.08
20260729C,3 passes,219.8,16.03
20260729C,3 passes,253.6,15.08
20260729C,3 passes,296.3,12.54
20260729C,3 passes,341.8,9.05
20260729C,3 passes,394.3,5.56
20260729C,3 passes,460.8,2.54
20260729C,3 passes,531.6,0.63
20260729C,3 passes,613.2,0.0
20260729C,3 passes,716.6,0.0
20260729C,3 passes,826.6,0.0
20260729C,3 passes,953.5,0.0
20260729C,3 passes,1099.9,0.0
20260729C,3 passes,1285.4,0.0
20260729C,3 passes,1482.7,0.0
20260729C,3 passes,1710.3,0.0
20260729C,3 passes,1998.7,0.0
20260729C,3 passes,2305.6,0.0
20260729C,3 passes,2659.6,0.0
20260729C,3 passes,3108.0,0.0
20260729C,3 passes,3585.2,0.0
20260729C,3 passes,4135.6,0.0
20260729C,3 passes,4770.6,0.0
20260729C,3 passes,5574.9,0.0
20260729C,3 passes,6430.9,0.0
20260729C,3 passes,7418.2,0.0
20260729C,3 passes,8669.0,0.0
20260729C,3 passes,10000.0,0.0
20260729C,5 passes,10.0,0.0
20260729C,5 passes,10.1,0.0
20260729C,5 passes,11.7,0.0
20260729C,5 passes,13.5,0.0
20260729C,5 passes,15.8,0.0
20260729C,5 passes,18.2,0.0
20260729C,5 passes,21.0,0.0
20260729C,5 passes,24.5,0.0
20260729C,5 passes,28.3,0.0
20260729C,5 passes,32.6,0.0
20260729C,5 passes,37.6,0.0
20260729C,5 passes,43.9,0.0
20260729C,5 passes,50.7,0.0
20260729C,5 passes,58.5,0.0
20260729C,5 passes,68.3,0.0
20260729C,5 passes,78.8,0.0
20260729C,5 passes,90.9,0.48
20260729C,5 passes,106.2,1.9
20260729C,5 passes,122.6,4.44
20260729C,5 passes,141.4,7.62
20260729C,5 passes,165.2,10.79
20260729C,5 passes,190.6,13.17
20260729C,5 passes,219.8,14.29
20260729C,5 passes,253.6,13.97
20260729C,5 passes,296.3,12.22
20260729C,5 passes,341.8,9.52
20260729C,5 passes,394.3,6.35
20260729C,5 passes,460.8,3.49
20260729C,5 passes,531.6,1.27
20260729C,5 passes,613.2,0.16
20260729C,5 passes,716.6,0.0
20260729C,5 passes,826.6,0.0
20260729C,5 passes,953.5,0.0
20260729C,5 passes,1099.9,0.0
20260729C,5 passes,1285.4,0.0
20260729C,5 passes,1482.7,0.0
20260729C,5 passes,1710.3,0.0
20260729C,5 passes,1998.7,0.0
20260729C,5 passes,2305.6,0.0
20260729C,5 passes,2659.6,0.0
20260729C,5 passes,3108.0,0.0
20260729C,5 passes,3585.2,0.0
20260729C,5 passes,4135.6,0.0
20260729C,5 passes,4770.6,0.0
20260729C,5 passes,5574.9,0.0
20260729C,5 passes,6430.9,0.0
20260729C,5 passes,7418.2,0.0
20260729C,5 passes,8669.0,0.0
20260729C,5 passes,10000.0,0.0
20260729C,7 passes,10.0,0.0
20260729C,7 passes,10.1,0.0
20260729C,7 passes,11.7,0.0
20260729C,7 passes,13.5,0.0
20260729C,7 passes,15.8,0.0
20260729C,7 passes,18.2,0.0
20260729C,7 passes,21.0,0.0
20260729C,7 passes,24.5,0.0
20260729C,7 passes,28.3,0.0
20260729C,7 passes,32.6,0.0
20260729C,7 passes,37.6,0.0
20260729C,7 passes,43.9,0.0
20260729C,7 passes,50.7,0.0
20260729C,7 passes,58.5,0.0
20260729C,7 passes,68.3,0.0
20260729C,7 passes,78.8,0.0
20260729C,7 passes,90.9,0.0
20260729C,7 passes,106.2,0.0
20260729C,7 passes,122.6,1.9
20260729C,7 passes,141.4,6.51
20260729C,7 passes,165.2,11.9
20260729C,7 passes,190.6,16.35
20260729C,7 passes,219.8,18.25
20260729C,7 passes,253.6,17.14
20260729C,7 passes,296.3,13.65
20260729C,7 passes,341.8,8.89
20260729C,7 passes,394.3,4.29
20260729C,7 passes,460.8,1.11
20260729C,7 passes,531.6,0.0
20260729C,7 passes,613.2,0.0
20260729C,7 passes,716.6,0.0
20260729C,7 passes,826.6,0.0
20260729C,7 passes,953.5,0.0
20260729C,7 passes,1099.9,0.0
20260729C,7 passes,1285.4,0.0
20260729C,7 passes,1482.7,0.0
20260729C,7 passes,1710.3,0.0
20260729C,7 passes,1998.7,0.0
20260729C,7 passes,2305.6,0.0
20260729C,7 passes,2659.6,0.0
20260729C,7 passes,3108.0,0.0
20260729C,7 passes,3585.2,0.0
20260729C,7 passes,4135.6,0.0
20260729C,7 passes,4770.6,0.0
20260729C,7 passes,5574.9,0.0
20260729C,7 passes,6430.9,0.0
20260729C,7 passes,7418.2,0.0
20260729C,7 passes,8669.0,0.0
20260729C,7 passes,10000.0,0.0
20260729C,10 passes,10.0,0.0
20260729C,10 passes,10.1,0.0
20260729C,10 passes,11.7,0.0
20260729C,10 passes,13.5,0.0
20260729C,10 passes,15.8,0.0
20260729C,10 passes,18.2,0.0
20260729C,10 passes,21.0,0.0
20260729C,10 passes,24.5,0.0
20260729C,10 passes,28.3,0.0
20260729C,10 passes,32.6,0.0
20260729C,10 passes,37.6,0.0
20260729C,10 passes,43.9,0.0
20260729C,10 passes,50.7,0.0
20260729C,10 passes,58.5,0.0
20260729C,10 passes,68.3,0.0
20260729C,10 passes,78.8,0.0
20260729C,10 passes,90.9,0.0
20260729C,10 passes,106.2,0.0
20260729C,10 passes,122.6,2.54
20260729C,10 passes,141.4,7.46
20260729C,10 passes,165.2,12.86
20260729C,10 passes,190.6,16.83
20260729C,10 passes,219.8,18.25
20260729C,10 passes,253.6,16.67
20260729C,10 passes,296.3,12.86
20260729C,10 passes,341.8,8.1
20260729C,10 passes,394.3,3.65
20260729C,10 passes,460.8,0.79
20260729C,10 passes,531.6,0.0
20260729C,10 passes,613.2,0.0
20260729C,10 passes,716.6,0.0
20260729C,10 passes,826.6,0.0
20260729C,10 passes,953.5,0.0
20260729C,10 passes,1099.9,0.0
20260729C,10 passes,1285.4,0.0
20260729C,10 passes,1482.7,0.0
20260729C,10 passes,1710.3,0.0
20260729C,10 passes,1998.7,0.0
20260729C,10 passes,2305.6,0.0
20260729C,10 passes,2659.6,0.0
20260729C,10 passes,3108.0,0.0
20260729C,10 passes,3585.2,0.0
20260729C,10 passes,4135.6,0.0
20260729C,10 passes,4770.6,0.0
20260729C,10 passes,5574.9,0.0
20260729C,10 passes,6430.9,0.0
20260729C,10 passes,7418.2,0.0
20260729C,10 passes,8669.0,0.0
20260729C,10 passes,10000.0,0.0
20260730A,1 pass,10.0,0.0
20260730A,1 pass,10.1,0.0
20260730A,1 pass,11.7,0.0
20260730A,1 pass,13.5,0.0
20260730A,1 pass,15.8,0.0
20260730A,1 pass,18.2,0.0
20260730A,1 pass,21.0,0.0
20260730A,1 pass,24.5,0.0
20260730A,1 pass,28.3,0.0
20260730A,1 pass,32.6,0.0
20260730A,1 pass,37.6,0.0
20260730A,1 pass,43.9,0.0
20260730A,1 pass,50.7,0.0
20260730A,1 pass,58.5,0.0
20260730A,1 pass,68.3,0.0
20260730A,1 pass,78.8,0.0
20260730A,1 pass,90.9,0.0
20260730A,1 pass,106.2,1.96
20260730A,1 pass,122.6,6.07
20260730A,1 pass,141.4,10.89
20260730A,1 pass,165.2,14.82
20260730A,1 pass,190.6,16.79
20260730A,1 pass,219.8,16.43
20260730A,1 pass,253.6,13.93
20260730A,1 pass,296.3,10.0
20260730A,1 pass,341.8,5.89
20260730A,1 pass,394.3,2.5
20260730A,1 pass,460.8,0.54
20260730A,1 pass,531.6,0.0
20260730A,1 pass,613.2,0.0
20260730A,1 pass,716.6,0.0
20260730A,1 pass,826.6,0.0
20260730A,1 pass,953.5,0.0
20260730A,1 pass,1099.9,0.0
20260730A,1 pass,1285.4,0.0
20260730A,1 pass,1482.7,0.0
20260730A,1 pass,1710.3,0.0
20260730A,1 pass,1998.7,0.0
20260730A,1 pass,2305.6,0.0
20260730A,1 pass,2659.6,0.0
20260730A,1 pass,3108.0,0.0
20260730A,1 pass,3585.2,0.0
20260730A,1 pass,4135.6,0.0
20260730A,1 pass,4770.6,0.0
20260730A,1 pass,5574.9,0.0
20260730A,1 pass,6430.9,0.0
20260730A,1 pass,7418.2,0.0
20260730A,1 pass,8669.0,0.0
20260730A,1 pass,10000.0,0.0
20260730A,3 passes,10.0,0.0
20260730A,3 passes,10.1,0.0
20260730A,3 passes,11.7,0.0
20260730A,3 passes,13.5,0.0
20260730A,3 passes,15.8,0.0
20260730A,3 passes,18.2,0.0
20260730A,3 passes,21.0,0.0
20260730A,3 passes,24.5,0.0
20260730A,3 passes,28.3,0.0
20260730A,3 passes,32.6,0.0
20260730A,3 passes,37.6,0.0
20260730A,3 passes,43.9,0.0
20260730A,3 passes,50.7,0.0
20260730A,3 passes,58.5,0.0
20260730A,3 passes,68.3,0.0
20260730A,3 passes,78.8,0.0
20260730A,3 passes,90.9,0.0
20260730A,3 passes,106.2,0.54
20260730A,3 passes,122.6,5.36
20260730A,3 passes,141.4,12.86
20260730A,3 passes,165.2,19.29
20260730A,3 passes,190.6,21.61
20260730A,3 passes,219.8,19.11
20260730A,3 passes,253.6,13.21
20260730A,3 passes,296.3,6.43
20260730A,3 passes,341.8,1.61
20260730A,3 passes,394.3,0.0
20260730A,3 passes,460.8,0.0
20260730A,3 passes,531.6,0.0
20260730A,3 passes,613.2,0.0
20260730A,3 passes,716.6,0.0
20260730A,3 passes,826.6,0.0
20260730A,3 passes,953.5,0.0
20260730A,3 passes,1099.9,0.0
20260730A,3 passes,1285.4,0.0
20260730A,3 passes,1482.7,0.0
20260730A,3 passes,1710.3,0.0
20260730A,3 passes,1998.7,0.0
20260730A,3 passes,2305.6,0.0
20260730A,3 passes,2659.6,0.0
20260730A,3 passes,3108.0,0.0
20260730A,3 passes,3585.2,0.0
20260730A,3 passes,4135.6,0.0
20260730A,3 passes,4770.6,0.0
20260730A,3 passes,5574.9,0.0
20260730A,3 passes,6430.9,0.0
20260730A,3 passes,7418.2,0.0
20260730A,3 passes,8669.0,0.0
20260730A,3 passes,10000.0,0.0
20260730A,5 passes,10.0,0.0
20260730A,5 passes,10.1,0.0
20260730A,5 passes,11.7,0.0
20260730A,5 passes,13.5,0.0
20260730A,5 passes,15.8,0.0
20260730A,5 passes,18.2,0.0
20260730A,5 passes,21.0,0.0
20260730A,5 passes,24.5,0.0
20260730A,5 passes,28.3,0.0
20260730A,5 passes,32.6,0.0
20260730A,5 passes,37.6,0.0
20260730A,5 passes,43.9,0.0
20260730A,5 passes,50.7,0.0
20260730A,5 passes,58.5,0.0
20260730A,5 passes,68.3,0.0
20260730A,5 passes,78.8,0.0
20260730A,5 passes,90.9,0.0
20260730A,5 passes,106.2,0.54
20260730A,5 passes,122.6,5.54
20260730A,5 passes,141.4,13.21
20260730A,5 passes,165.2,19.64
20260730A,5 passes,190.6,21.79
20260730A,5 passes,219.8,19.11
20260730A,5 passes,253.6,12.86
20260730A,5 passes,296.3,5.89
20260730A,5 passes,341.8,1.25
20260730A,5 passes,394.3,0.0
20260730A,5 passes,460.8,0.0
20260730A,5 passes,531.6,0.0
20260730A,5 passes,613.2,0.0
20260730A,5 passes,716.6,0.0
20260730A,5 passes,826.6,0.0
20260730A,5 passes,953.5,0.0
20260730A,5 passes,1099.9,0.0
20260730A,5 passes,1285.4,0.0
20260730A,5 passes,1482.7,0.0
20260730A,5 passes,1710.3,0.0
20260730A,5 passes,1998.7,0.0
20260730A,5 passes,2305.6,0.0
20260730A,5 passes,2659.6,0.0
20260730A,5 passes,3108.0,0.0
20260730A,5 passes,3585.2,0.0
20260730A,5 passes,4135.6,0.0
20260730A,5 passes,4770.6,0.0
20260730A,5 passes,5574.9,0.0
20260730A,5 passes,6430.9,0.0
20260730A,5 passes,7418.2,0.0
20260730A,5 passes,8669.0,0.0
20260730A,5 passes,10000.0,0.0
20260803A,1 pass,10.0,0.0
20260803A,1 pass,10.1,0.0
20260803A,1 pass,11.7,0.0
20260803A,1 pass,13.5,0.0
20260803A,1 pass,15.8,0.0
20260803A,1 pass,18.2,0.0
20260803A,1 pass,21.0,0.0
20260803A,1 pass,24.5,0.0
20260803A,1 pass,28.3,0.0
20260803A,1 pass,32.6,0.0
20260803A,1 pass,37.6,0.0
20260803A,1 pass,43.9,0.0
20260803A,1 pass,50.7,0.0
20260803A,1 pass,58.5,0.0
20260803A,1 pass,68.3,0.0
20260803A,1 pass,78.8,0.0
20260803A,1 pass,90.9,0.0
20260803A,1 pass,106.2,1.25
20260803A,1 pass,122.6,4.64
20260803A,1 pass,141.4,9.11
20260803A,1 pass,165.2,13.57
20260803A,1 pass,190.6,16.43
20260803A,1 pass,219.8,16.96
20260803A,1 pass,253.6,15.18
20260803A,1 pass,296.3,11.61
20260803A,1 pass,341.8,7.32
20260803A,1 pass,394.3,3.39
20260803A,1 pass,460.8,0.89
20260803A,1 pass,531.6,0.0
20260803A,1 pass,613.2,0.0
20260803A,1 pass,716.6,0.0
20260803A,1 pass,826.6,0.0
20260803A,1 pass,953.5,0.0
20260803A,1 pass,1099.9,0.0
20260803A,1 pass,1285.4,0.0
20260803A,1 pass,1482.7,0.0
20260803A,1 pass,1710.3,0.0
20260803A,1 pass,1998.7,0.0
20260803A,1 pass,2305.6,0.0
20260803A,1 pass,2659.6,0.0
20260803A,1 pass,3108.0,0.0
20260803A,1 pass,3585.2,0.0
20260803A,1 pass,4135.6,0.0
20260803A,1 pass,4770.6,0.0
20260803A,1 pass,5574.9,0.0
20260803A,1 pass,6430.9,0.0
20260803A,1 pass,7418.2,0.0
20260803A,1 pass,8669.0,0.0
20260803A,1 pass,10000.0,0.0
20260803A,3 passes,10.0,0.0
20260803A,3 passes,10.1,0.0
20260803A,3 passes,11.7,0.0
20260803A,3 passes,13.5,0.0
20260803A,3 passes,15.8,0.0
20260803A,3 passes,18.2,0.0
20260803A,3 passes,21.0,0.0
20260803A,3 passes,24.5,0.0
20260803A,3 passes,28.3,0.0
20260803A,3 passes,32.6,0.0
20260803A,3 passes,37.6,0.0
20260803A,3 passes,43.9,0.0
20260803A,3 passes,50.7,0.0
20260803A,3 passes,58.5,0.0
20260803A,3 passes,68.3,0.0
20260803A,3 passes,78.8,0.0
20260803A,3 passes,90.9,0.0
20260803A,3 passes,106.2,0.36
20260803A,3 passes,122.6,4.29
20260803A,3 passes,141.4,10.71
20260803A,3 passes,165.2,16.96
20260803A,3 passes,190.6,20.36
20260803A,3 passes,219.8,19.64
20260803A,3 passes,253.6,15.36
20260803A,3 passes,296.3,8.93
20260803A,3 passes,341.8,3.21
20260803A,3 passes,394.3,0.0
20260803A,3 passes,460.8,0.0
20260803A,3 passes,531.6,0.0
20260803A,3 passes,613.2,0.0
20260803A,3 passes,716.6,0.0
20260803A,3 passes,826.6,0.0
20260803A,3 passes,953.5,0.0
20260803A,3 passes,1099.9,0.0
20260803A,3 passes,1285.4,0.0
20260803A,3 passes,1482.7,0.0
20260803A,3 passes,1710.3,0.0
20260803A,3 passes,1998.7,0.0
20260803A,3 passes,2305.6,0.0
20260803A,3 passes,2659.6,0.0
20260803A,3 passes,3108.0,0.0
20260803A,3 passes,3585.2,0.0
20260803A,3 passes,4135.6,0.0
20260803A,3 passes,4770.6,0.0
20260803A,3 passes,5574.9,0.0
20260803A,3 passes,6430.9,0.0
20260803A,3 passes,7418.2,0.0
20260803A,3 passes,8669.0,0.0
20260803A,3 passes,10000.0,0.0
20260803A,5 passes,10.0,0.0
20260803A,5 passes,10.1,0.0
20260803A,5 passes,11.7,0.0
20260803A,5 passes,13.5,0.0
20260803A,5 passes,15.8,0.0
20260803A,5 passes,18.2,0.0
20260803A,5 passes,21.0,0.0
20260803A,5 passes,24.5,0.0
20260803A,5 passes,28.3,0.0
20260803A,5 passes,32.6,0.0
20260803A,5 passes,37.6,0.0
20260803A,5 passes,43.9,0.0
20260803A,5 passes,50.7,0.0
20260803A,5 passes,58.5,0.0
20260803A,5 passes,68.3,0.0
20260803A,5 passes,78.8,0.0
20260803A,5 passes,90.9,0.0
20260803A,5 passes,106.2,0.71
20260803A,5 passes,122.6,4.64
20260803A,5 passes,141.4,10.71
20260803A,5 passes,165.2,16.43
20260803A,5 passes,190.6,19.46
20260803A,5 passes,219.8,18.93
20260803A,5 passes,253.6,15.0
20260803A,5 passes,296.3,9.29
20260803A,5 passes,341.8,3.93
20260803A,5 passes,394.3,0.71
20260803A,5 passes,460.8,0.0
20260803A,5 passes,531.6,0.0
20260803A,5 passes,613.2,0.0
20260803A,5 passes,716.6,0.0
20260803A,5 passes,826.6,0.0
20260803A,5 passes,953.5,0.0
20260803A,5 passes,1099.9,0.0
20260803A,5 passes,1285.4,0.0
20260803A,5 passes,1482.7,0.0
20260803A,5 passes,1710.3,0.0
20260803A,5 passes,1998.7,0.0
20260803A,5 passes,2305.6,0.0
20260803A,5 passes,2659.6,0.0
20260803A,5 passes,3108.0,0.0
20260803A,5 passes,3585.2,0.0
20260803A,5 passes,4135.6,0.0
20260803A,5 passes,4770.6,0.0
20260803A,5 passes,5574.9,0.0
20260803A,5 passes,6430.9,0.0
20260803A,5 passes,7418.2,0.0
20260803A,5 passes,8669.0,0.0
20260803A,5 passes,10000.0,0.0
20260803B,1 pass,10.0,0.0
20260803B,1 pass,10.1,0.0
20260803B,1 pass,11.7,0.0
20260803B,1 pass,13.5,0.0
20260803B,1 pass,15.8,0.0
20260803B,1 pass,18.2,0.0
20260803B,1 pass,21.0,0.0
20260803B,1 pass,24.5,0.0
20260803B,1 pass,28.3,0.0
20260803B,1 pass,32.6,0.0
20260803B,1 pass,37.6,0.0
20260803B,1 pass,43.9,0.0
20260803B,1 pass,50.7,0.0
20260803B,1 pass,58.5,0.0
20260803B,1 pass,68.3,0.0
20260803B,1 pass,78.8,0.0
20260803B,1 pass,90.9,0.0
20260803B,1 pass,106.2,1.79
20260803B,1 pass,122.6,7.5
20260803B,1 pass,141.4,14.64
20260803B,1 pass,165.2,20.0
20260803B,1 pass,190.6,21.25
20260803B,1 pass,219.8,17.86
20260803B,1 pass,253.6,11.43
20260803B,1 pass,296.3,5.0
20260803B,1 pass,341.8,0.71
20260803B,1 pass,394.3,0.0
20260803B,1 pass,460.8,0.0
20260803B,1 pass,531.6,0.0
20260803B,1 pass,613.2,0.0
20260803B,1 pass,716.6,0.0
20260803B,1 pass,826.6,0.0
20260803B,1 pass,953.5,0.0
20260803B,1 pass,1099.9,0.0
20260803B,1 pass,1285.4,0.0
20260803B,1 pass,1482.7,0.0
20260803B,1 pass,1710.3,0.0
20260803B,1 pass,1998.7,0.0
20260803B,1 pass,2305.6,0.0
20260803B,1 pass,2659.6,0.0
20260803B,1 pass,3108.0,0.0
20260803B,1 pass,3585.2,0.0
20260803B,1 pass,4135.6,0.0
20260803B,1 pass,4770.6,0.0
20260803B,1 pass,5574.9,0.0
20260803B,1 pass,6430.9,0.0
20260803B,1 pass,7418.2,0.0
20260803B,1 pass,8669.0,0.0
20260803B,1 pass,10000.0,0.0
20260803B,3 passes,10.0,0.0
20260803B,3 passes,10.1,0.0
20260803B,3 passes,11.7,0.0
20260803B,3 passes,13.5,0.0
20260803B,3 passes,15.8,0.0
20260803B,3 passes,18.2,0.0
20260803B,3 passes,21.0,0.0
20260803B,3 passes,24.5,0.0
20260803B,3 passes,28.3,0.0
20260803B,3 passes,32.6,0.0
20260803B,3 passes,37.6,0.0
20260803B,3 passes,43.9,0.0
20260803B,3 passes,50.7,0.0
20260803B,3 passes,58.5,0.0
20260803B,3 passes,68.3,0.0
20260803B,3 passes,78.8,0.0
20260803B,3 passes,90.9,0.54
20260803B,3 passes,106.2,5.36
20260803B,3 passes,122.6,12.5
20260803B,3 passes,141.4,18.93
20260803B,3 passes,165.2,21.43
20260803B,3 passes,190.6,19.29
20260803B,3 passes,219.8,13.57
20260803B,3 passes,253.6,6.61
20260803B,3 passes,296.3,1.61
20260803B,3 passes,341.8,0.0
20260803B,3 passes,394.3,0.0
20260803B,3 passes,460.8,0.0
20260803B,3 passes,531.6,0.0
20260803B,3 passes,613.2,0.0
20260803B,3 passes,716.6,0.0
20260803B,3 passes,826.6,0.0
20260803B,3 passes,953.5,0.0
20260803B,3 passes,1099.9,0.0
20260803B,3 passes,1285.4,0.0
20260803B,3 passes,1482.7,0.0
20260803B,3 passes,1710.3,0.0
20260803B,3 passes,1998.7,0.0
20260803B,3 passes,2305.6,0.0
20260803B,3 passes,2659.6,0.0
20260803B,3 passes,3108.0,0.0
20260803B,3 passes,3585.2,0.0
20260803B,3 passes,4135.6,0.0
20260803B,3 passes,4770.6,0.0
20260803B,3 passes,5574.9,0.0
20260803B,3 passes,6430.9,0.0
20260803B,3 passes,7418.2,0.0
20260803B,3 passes,8669.0,0.0
20260803B,3 passes,10000.0,0.0
20260803B,5 passes,10.0,0.0
20260803B,5 passes,10.1,0.0
20260803B,5 passes,11.7,0.0
20260803B,5 passes,13.5,0.0
20260803B,5 passes,15.8,0.0
20260803B,5 passes,18.2,0.0
20260803B,5 passes,21.0,0.0
20260803B,5 passes,24.5,0.0
20260803B,5 passes,28.3,0.0
20260803B,5 passes,32.6,0.0
20260803B,5 passes,37.6,0.0
20260803B,5 passes,43.9,0.0
20260803B,5 passes,50.7,0.0
20260803B,5 passes,58.5,0.0
20260803B,5 passes,68.3,0.0
20260803B,5 passes,78.8,0.0
20260803B,5 passes,90.9,1.07
20260803B,5 passes,106.2,5.71
20260803B,5 passes,122.6,12.32
20260803B,5 passes,141.4,18.04
20260803B,5 passes,165.2,20.36
20260803B,5 passes,190.6,18.75
20260803B,5 passes,219.8,13.75
20260803B,5 passes,253.6,7.68
20260803B,5 passes,296.3,2.5
20260803B,5 passes,341.8,0.0
20260803B,5 passes,394.3,0.0
20260803B,5 passes,460.8,0.0
20260803B,5 passes,531.6,0.0
20260803B,5 passes,613.2,0.0
20260803B,5 passes,716.6,0.0
20260803B,5 passes,826.6,0.0
20260803B,5 passes,953.5,0.0
20260803B,5 passes,1099.9,0.0
20260803B,5 passes,1285.4,0.0
20260803B,5 passes,1482.7,0.0
20260803B,5 passes,1710.3,0.0
20260803B,5 passes,1998.7,0.0
20260803B,5 passes,2305.6,0.0
20260803B,5 passes,2659.6,0.0
20260803B,5 passes,3108.0,0.0
20260803B,5 passes,3585.2,0.0
20260803B,5 passes,4135.6,0.0
20260803B,5 passes,4770.6,0.0
20260803B,5 passes,5574.9,0.0
20260803B,5 passes,6430.9,0.0
20260803B,5 passes,7418.2,0.0
20260803B,5 passes,8669.0,0.0
20260803B,5 passes,10000.0,0.0
