Diameter (nm),20260729A-Unp,20260730A-Unp,20260803A-Unp,20260803B-Unp
0.011,0,0,0,0
0.013,0,0,0,0
0.015,0,0,0,0
0.017,0,0,0,0
0.02,0,0,0,0
0.023,0,0,0,0
0.026,0,0,0,0
0.03,0,0,0,0
0.034,0,0,0,0
0.039,0,0,0,0
0.044,0,0,0,0
0.051,0,0,0,0
0.058,0,0,0,0
0.067,0,0,0,0
0.076,0,0,0,0
0.087,0,0,0,0
0.1,0.141,0,0,0
0.115,0.203,0,0,0
0.131,0.277,0,0.115,0
0.15,0.369,0,0.151,0.123
0.172,0.478,0,0.192,0.147
0.197,0.601,0,0.235,0.168
0.226,0.726,0,0.277,0.184
0.259,0.838,0,0.313,0.193
0.296,0.921,0,0.337,0.194
0.339,0.954,0,0.344,0.186
0.389,0.905,0,0.327,0.169
0.445,0.764,0,0.281,0.149
0.51,0.629,0,0.234,0.135
0.584,0.534,0,0.196,0.131
0.669,0.491,0,0.173,0.14
0.766,0.511,0,0.167,0.171
0.877,0.613,0,0.182,0.24
1.005,0.842,0,0.228,0.384
1.151,1.374,0,0.357,0.747
1.318,2.283,0.13,0.613,1.472
1.51,3.556,0.263,1.043,2.671
1.729,5.188,0.499,1.678,4.477
1.981,7.242,0.915,2.65,7.098
2.269,9.465,1.6,4.09,10.325
2.599,11.306,2.626,6.01,13.378
2.976,12.113,4.015,8.238,15.074
3.409,11.481,5.711,10.367,14.505
3.905,9.548,7.56,11.853,11.776
4.472,6.939,9.306,12.235,8.005
5.122,4.402,10.635,11.357,4.534
5.867,2.439,11.254,9.445,2.132
6.72,1.181,10.993,6.995,0.829
7.697,0.501,9.864,4.572,0.265
8.816,0.187,8.082,2.609,0
10.097,0,6.053,1.306,0
11.565,0,4.203,0.592,0
13.246,0,2.712,0.239,0
15.172,0,1.667,0,0
17.377,0,0.986,0,0
19.904,0,0.546,0,0
22.797,0,0.27,0,0
26.111,0,0.114,0,0
29.907,0,0,0,0
34.255,0,0,0,0
39.234,0,0,0,0
44.938,0,0,0,0
51.471,0,0,0,0
58.953,0,0,0,0
67.523,0,0,0,0
77.34,0,0,0,0
88.583,0,0,0,0
101.46,0,0,0,0
116.21,0,0,0,0
133.103,0,0,0,0
152.453,0,0,0,0
174.616,0,0,0,0
200,0,0,0,0
229.075,0,0,0,0
262.376,0,0,0,0
300.518,0,0,0,0
344.206,0,0,0,0
394.244,0,0,0,0
451.556,0,0,0,0
517.2,0,0,0,0
592.387,0,0,0,0
678.504,0,0,0,0
777.141,0,0,0,0
890.116,0,0,0,0
1019.515,0,0,0,0
1167.725,0,0,0,0
1337.481,0,0,0,0
1531.914,0,0,0,0
1754.613,0,0,0,0
2009.687,0,0,0,0
2301.841,0,0,0,0
2636.467,0,0,0,0
3000,0,0,0,0
