test,formulation,machine,ixc,pressure_psi,passes,LD_d10_um,LD_d50_um,LD_d90_um,LD_mean_um,DLS_Zavg_nm,PdI,DLS_D10_nm,DLS_D50_nm,DLS_D90_nm
20260729A,"20% Ozoil, 1.2% Lecithin, 0.5% Tween 80",M110P,F12Y-H30Z,30000,Unp,0.88384,2.56108,4.36072,2.64117,-,,,,
20260729A,"20% Ozoil, 1.2% Lecithin, 0.5% Tween 80",M110P,F12Y-H30Z,30000,1,-,,,,221.1,0.104,143,237,386
20260729A,"20% Ozoil, 1.2% Lecithin, 0.5% Tween 80",M110P,F12Y-H30Z,30000,3,,,,,205.7,0.115,140,213,334
20260729A,"20% Ozoil, 1.2% Lecithin, 0.5% Tween 80",M110P,F12Y-H30Z,30000,5,,,,,209.6,0.067,147,217,326
20260729A,"20% Ozoil, 1.2% Lecithin, 0.5% Tween 80",M110P,F12Y-H30Z,30000,7,,,,,201.5,0.113,152,200,263
20260729A,"20% Ozoil, 1.2% Lecithin, 0.5% Tween 80",M110P,F12Y-H30Z,30000,10,,,,,200.3,0.101,135,210,335
20260729B,,,,20000,1,,,,,228.2,0.138,152,233,375
20260729B,,,,20000,3,,,,,212.6,0.087,147,222,338
20260729B,,,,20000,5,,,,,209.5,0.083,147,218,331
20260729B,,,,20000,7,,,,,213,0.11,146,222,345
20260729B,,,,20000,10,,,,,210.8,0.068,147,218,331
20260729C,,,F20Y-H30Z,27500,1,,,,,225.3,0.146,152,227,343
20260729C,,,F20Y-H30Z,27500,3,,,,,218,0.096,147,228,366
20260729C,,,F20Y-H30Z,27500,5,,,,,215.5,0.125,140,231,383
20260729C,,,F20Y-H30Z,27500,7,,,,,219.4,0.08,153,228,341
20260729C,,,F20Y-H30Z,27500,10,,,,,214.3,0.083,150,223,335
20260730A,"20% Ozoil, 1.2% Lecithin, 1% Tween 80",,F12Y-H30Z,30000,Unp,2.97143,5.5561,10.26017,6.22133,-,,,,
20260730A,"20% Ozoil, 1.2% Lecithin, 1% Tween 80",,F12Y-H30Z,30000,1,-,,,,195.4,0.087,134,204,318
20260730A,"20% Ozoil, 1.2% Lecithin, 1% Tween 80",,F12Y-H30Z,30000,3,,,,,186.6,0.056,137,192,274
20260730A,"20% Ozoil, 1.2% Lecithin, 1% Tween 80",,F12Y-H30Z,30000,5,,,,,186.6,0.027,136,190,270
20260803A,"20% Ozoil, 2.4% Lecithin, 0.5% Tween 80",,,,Unp,1.9714,3.87556,6.6315,4.11383,,,,,
20260803A,"20% Ozoil, 2.4% Lecithin, 0.5% Tween 80",,,,1,-,,,,204.4,0.09,141,214,331
20260803A,"20% Ozoil, 2.4% Lecithin, 0.5% Tween 80",,,,3,,,,,195.6,0.04,142,201,288
20260803A,"20% Ozoil, 2.4% Lecithin, 0.5% Tween 80",,,,5,,,,,195.6,0.055,140,202,293
20260803B,"20% Ozoil, 2.4% Lecithin, 1% Tween 80",,,,Unp,1.62366,2.77054,4.30544,2.8745,,,,,
20260803B,"20% Ozoil, 2.4% Lecithin, 1% Tween 80",,,,1,-,,,,179.9,0.036,130,185,262
20260803B,"20% Ozoil, 2.4% Lecithin, 1% Tween 80",,,,3,,,,,163.5,0.013,118,167,238
20260803B,"20% Ozoil, 2.4% Lecithin, 1% Tween 80",,,,5,,,,,162.8,0.052,117,168,243
