target,modification,pathway_reported,fluorochrome,laser_nm,emission_peak_nm,detector_role,clinical_status,role_in_panel,notes
Cleaved caspase-3,Asp175 cleavage,apoptosis,BV605,405,605,exclusion gate,established flow reagent,mandatory artefact gate,"Apoptotic DNA fragmentation generates pan-nuclear gamma-H2AX that is NOT repair-relevant damage. Without this gate the damage score is confounded by cell death. Non-negotiable channel"
DNA content,DAPI stoichiometric binding,cell cycle,DAPI,405,450,cell-cycle gate,established,mandatory normaliser,"gamma-H2AX and RAD51 are strongly S/G2-dependent. All foci counts must be reported cell-cycle-resolved or the score tracks proliferation rather than damage"
Ki-67,none (abundance),proliferation,BV711,405,711,covariate,established clinical marker,proliferation covariate,"Separates a high-damage quiescent cell from a high-damage cycling cell; the two have different clinical meaning"
Histone H2AX,phospho-Ser139 (gamma-H2AX),double-strand break signalling,AF488,488,519,primary damage,extensively validated research biomarker; used in trials as pharmacodynamic endpoint,primary DSB analyte,"The best-characterised cellular DNA damage marker. Sensitive but not specific - rises in replication stress and apoptosis as well as true DSB"
53BP1,none (foci relocalisation),double-strand break recognition,PE,488,578,confirmatory damage,research biomarker,DSB confirmation,"Co-localisation with gamma-H2AX is what upgrades a gamma-H2AX signal to a bona fide DSB. Requires imaging flow or microscopy for true co-localisation scoring"
ATM,phospho-Ser1981,apical DSB kinase,PE-Dazzle594,488,610,signalling,research biomarker,DDR activation,"Autophosphorylation marks ATM activation; distinguishes damage that is being signalled from damage that is being ignored"
CHEK2,phospho-Thr68,checkpoint arm (ATM-CHK2),PerCP-Cy5.5,488,695,signalling,research biomarker,checkpoint engagement,"Downstream of ATM; a high gamma-H2AX with low pCHK2 suggests checkpoint escape - a pro-mutagenic state"
RAD51,none (foci formation),homologous recombination,APC,640,660,repair execution,research biomarker,functional HR read-out,"Functional HR engagement. Complements the genomic HRD scar score - a tumour can have a high HRD score and still have restored RAD51 loading; that is a PARP-inhibitor resistance phenotype"
Poly-ADP-ribose,PAR polymer,single-strand break / BER signalling,AF700,640,720,repair execution,research biomarker,PARP activity read-out,"Direct read of PARP1 catalytic output; the functional counterpart to PARP1 transcript abundance"
TRIM28 (KAP1),phospho-Ser824,ATM substrate; heterochromatin DSB,APC-Fire750,640,780,signalling,research biomarker,DSB-specific signalling,"More DSB-specific than gamma-H2AX because it is not induced by replication stress alone. Used to disambiguate an equivocal gamma-H2AX result"
