analyte,abbrev,lesion_class,base_target,nucleic_acid,formula,species_type,matrix,precursor_mode,product_nominal,internal_standard,is_formula,clinical_status,role_in_panel,notes
8-oxo-7;8-dihydro-2'-deoxyguanosine,8-oxodG,oxidised purine,guanine,DNA,C10H13N5O5,2'-deoxynucleoside,urine + DNA hydrolysate,positive,168.05,[15N5]-8-oxo-dG,C10H13[15N]5O5,widely used research biomarker; no FDA-cleared quantitative assay,primary damage analyte,Also called 8-OHdG. The anchor analyte. Urinary level reflects whole-body repair flux; DNA-hydrolysate level reflects steady-state lesion burden - the two are NOT interchangeable
8-oxo-7;8-dihydroguanosine,8-oxoGuo,oxidised purine,guanine,RNA,C10H13N5O6,ribonucleoside,urine,positive,168.05,[15N5]-8-oxo-Guo,C10H13[15N]5O6,research biomarker with prospective outcome data,orthogonal RNA-oxidation axis,Independently associated with long-term mortality in type 2 diabetes; rises with metabolic/mitochondrial stress even when 8-oxodG is normal
8-oxo-7;8-dihydroguanine,8-oxoGua,oxidised purine (free base),guanine,DNA/RNA/nucleotide pool,C5H5N5O2,free base,urine,positive,140.04,[15N5]-8-oxo-Gua,C5H5[15N]5O2,research use,excision-flux reporter,Free base is released by glycosylase action and by nucleotide-pool sanitisation (NUDT1/MTH1); rising 8-oxoGua with rising 8-oxodG indicates competent excision rather than repair failure
2;6-diamino-4-hydroxy-5-formamidopyrimidine,FapyGua,ring-opened purine,guanine,DNA,C5H7N5O2,free base,DNA hydrolysate,positive,152.06,[15N5]-FapyGua,C5H7[15N]5O2,research use,redox-tension discriminator,Formed preferentially at low oxygen tension where 8-oxoG formation is disfavoured; including it prevents systematic under-reporting of purine oxidation in hypoxic tissue
5-hydroxymethyl-2'-deoxycytidine,5-hmdC,oxidised pyrimidine,cytosine,DNA,C10H15N3O5,2'-deoxynucleoside,DNA hydrolysate,positive,142.06,[15N3]-5-hmdC,C10H15[15N]3O5,research use; overlaps epigenetics,pyrimidine axis + epigenetic confounder control,CRITICAL INTERPRETIVE TRAP: 5-hmdC is both an oxidation product and a programmed TET-generated epigenetic mark. Must be interpreted against 5-medC; never scored as damage alone
5-methyl-2'-deoxycytidine,5-medC,methylated base (not damage),cytosine,DNA,C10H15N3O4,2'-deoxynucleoside,DNA hydrolysate,positive,126.07,[D3]-5-medC,C10H12D3N3O4,established epigenetic analyte,normaliser / confounder control,Not a damage marker. Included so that 5-hmdC can be expressed as a fraction of its precursor pool and TET activity separated from oxidative chemistry
Thymidine glycol,Tg,ring-saturated pyrimidine,thymine,DNA,C10H16N2O7,2'-deoxynucleoside,DNA hydrolysate,positive,161.06,[13C1;15N2]-Tg,[13C]1C9H16[15N]2O7,research use,pyrimidine ring-saturation axis,Substrate of NTHL1/NEIL1 rather than OGG1 - gives an independent read on the non-OGG1 arm of base excision repair
O6-methyl-2'-deoxyguanosine,O6-medG,alkylation,guanine,DNA,C11H15N5O4,2'-deoxynucleoside,DNA hydrolysate,positive,166.07,[D3]-O6-medG,C11H12D3N5O4,research use; mechanistically tied to a clinical test,direct link to MGMT repair module,The specific substrate of MGMT. Pairing this analyte with MGMT promoter methylation is the tightest damage-to-repair coupling in the whole panel
N7-methylguanine,N7-meGua,alkylation,guanine,DNA,C6H7N5O,free base,urine,positive,149.05,[D3]-N7-meGua,C6H4D3N5O,research use,alkylation exposure dosimeter,Most abundant alkylation adduct; depurinates spontaneously so it is recovered in urine. Reports alkylating exposure burden (tobacco; nitrosamines; chemotherapy)
Malondialdehyde-2'-deoxyguanosine (M1dG),M1dG,exocyclic lipid-peroxidation adduct,guanine,DNA,C13H13N5O4,2'-deoxynucleoside,DNA hydrolysate,positive,188.06,[15N5]-M1dG,C13H13[15N]5O4,research use,lipid-to-DNA damage bridge,Formed from malondialdehyde; converts a lipid-peroxidation signal into a covalent DNA lesion. Links the isoprostane read-out to genuine genotoxicity
1;N6-etheno-2'-deoxyadenosine,edA,exocyclic adduct,adenine,DNA,C12H13N5O3,2'-deoxynucleoside,DNA hydrolysate,positive,160.06,[15N5]-edA,C12H13[15N]5O3,research use,adenine axis / aldehyde exposure,Derived from lipid peroxidation aldehydes and vinyl-monomer exposure; the only adenine-directed lesion in the panel
2'-deoxyguanosine,dG,unmodified nucleoside,guanine,DNA,C10H13N5O4,2'-deoxynucleoside,DNA hydrolysate,positive,152.06,[13C10;15N5]-dG,[13C]10H13[15N]5O4,established,normaliser,Denominator for all DNA-hydrolysate lesions; results reported as lesions per 10^6 dG. Also the substrate-pool check that hydrolysis went to completion
Creatinine,CRE,normaliser,not applicable,not applicable,C4H7N3O,small molecule,urine,positive,44.05,[D3]-creatinine,C4H4D3N3O,established clinical analyte,normaliser,Denominator for all spot-urine analytes. Mandatory - unnormalised spot-urine adduct concentrations are not comparable between subjects
8-iso-prostaglandin F2alpha,8-isoPGF2a,lipid peroxidation (not DNA),not applicable,not applicable,C20H34O5,eicosanoid,urine,negative,193.12,[D4]-8-iso-PGF2a,C20H30D4O5,research biomarker with pooled reference values,oxidative-stress context marker,Not a DNA lesion. Included to separate systemic oxidative stress from DNA-specific damage. Pooled IQR 0.18-0.40 ug/g creatinine by chemical methods in adults with BMI below 25
8;5'-cyclo-2'-deoxyadenosine,cdA,tandem cyclopurine,adenine,DNA,C10H11N5O3,cyclic nucleoside (C5'-C8 bond; sugar not cleavable),DNA hydrolysate,positive,164.06,[15N5]-cdA,C10H11[15N]5O3,research use,oxidative lesion that reports NER rather than BER,Formed by hydroxyl radical attack followed by intramolecular C5'-C8 cyclisation. The covalent sugar-base bond distorts the duplex and makes the lesion a NER substrate rather than a BER substrate. Same oxidant source as 8-oxodG but a different repair pathway - this is the analyte that lets one oxidant stress interrogate two pathways. Blocks polymerases and inhibits gene expression; accumulates with disease
8;5'-cyclo-2'-deoxyguanosine,cdG,tandem cyclopurine,guanine,DNA,C10H11N5O4,cyclic nucleoside (C5'-C8 bond; sugar not cleavable),DNA hydrolysate,positive,180.05,[15N5]-cdG,C10H11[15N]5O4,research use,NER-reporting oxidative lesion; guanine counterpart of cdA,"Guanine analogue of cdA from the same chemistry. Measured as R and S diastereomers, which must be resolved chromatographically and summed or reported separately"
5-chloro-2'-deoxycytidine,5-Cl-dC,halogenated base,cytosine,DNA,C9H12ClN3O4,2'-deoxynucleoside,DNA hydrolysate,positive,146.01,[15N3]-5-Cl-dC,C9H12Cl[15N]3O4,research use,inflammation-specific halogenative axis,"Product of hypochlorous acid from myeloperoxidase in activated neutrophils. Chemically distinct from oxidation and from nitration, so it separates neutrophil-driven inflammatory DNA damage from general oxidative stress. Chlorine isotope pattern (35Cl/37Cl 3:1) gives a built-in confirmation ion"
2'-deoxyuridine (uracil in DNA),dU,deaminated base,cytosine (deaminated),DNA,C9H12N2O5,2'-deoxynucleoside,DNA hydrolysate,positive,113.03,[13C9;15N2]-dU,[13C]9H12[15N]2O5,research use,deamination and folate-status axis,Arises from cytosine deamination and from dUTP misincorporation under folate deficiency or thymidylate-synthase inhibition. Neither oxidative nor alkylative - adds a third damage mechanism. Its repair enzymes UNG and SMUG1 are already in the expression panel
