name,common_synonym,chemical_class,plant_part,species_evidence,smiles,structure_provenance,lit_formula,notes
Primulaverin,primulaverin,phenolic glycoside (primeveroside),root,P. veris / P. elatior / P. veris subsp. columnae,COC(=O)c1ccc(OC)cc1O[C@@H]1O[C@H](CO[C@@H]2OC[C@@H](O)[C@H](O)[C@H]2O)[C@@H](O)[C@H](O)[C@H]1O,drawn-high-confidence,C20H28O13,Methyl methoxysalicylate 2-O-primeveroside; 4-OMe/5-OMe assignment vs primverin is ambiguous in secondary sources - treated as isomer pair
Primverin,primeverin,phenolic glycoside (primeveroside),root,P. veris / P. elatior / P. veris subsp. columnae,COC(=O)c1cc(OC)ccc1O[C@@H]1O[C@H](CO[C@@H]2OC[C@@H](O)[C@H](O)[C@H]2O)[C@@H](O)[C@H](O)[C@H]1O,drawn-high-confidence,C20H28O13,Dominant phenolic glycoside in Primula root (0.64-1.42 pct; Muller 2005)
Gaultherin,monotropitoside,phenolic glycoside (primeveroside),root,P. veris subsp. columnae,COC(=O)c1ccccc1O[C@@H]1O[C@H](CO[C@@H]2OC[C@@H](O)[C@H](O)[C@H]2O)[C@@H](O)[C@H](O)[C@H]1O,drawn-high-confidence,C19H26O12,Methyl salicylate 2-O-primeveroside; releases methyl salicylate on hydrolysis
Androsin,3-methoxy-4-primeverosylacetophenone,phenolic glycoside (primeveroside),root,P. veris subsp. columnae,CC(=O)c1ccc(O[C@@H]2O[C@H](CO[C@@H]3OC[C@@H](O)[C@H](O)[C@H]3O)[C@@H](O)[C@H](O)[C@H]2O)c(OC)c1,drawn-high-confidence,C20H28O12,Primeveroside of acetovanillone (apocynin)
Primeverose,6-O-beta-D-xylopyranosyl-D-glucose,disaccharide,root,P. veris / P. elatior,O([C@@H]1OC[C@@H](O)[C@H](O)[C@H]1O)C[C@H]1O[C@@H](O)[C@H](O)[C@@H](O)[C@@H]1O,drawn-model,C11H20O10,Sugar unit shared by all four root phenolic glycosides
Methyl 4-methoxysalicylate,,phenolic aglycone,root (hydrolysis product),P. veris / P. elatior,COC(=O)c1ccc(OC)cc1O,drawn-high-confidence,C9H10O4,Aglycone released by endogenous beta-glycosidase; root aroma principle
Methyl salicylate,,phenolic aglycone,root (hydrolysis product),P. veris subsp. columnae,COC(=O)c1ccccc1O,drawn-high-confidence,C8H8O3,Gaultherin aglycone
Apocynin,acetovanillone,phenolic aglycone,root (hydrolysis product),P. veris subsp. columnae,CC(=O)c1ccc(O)c(OC)c1,drawn-high-confidence,C9H10O3,Androsin aglycone; known NADPH-oxidase modulator
Protoprimulagenin A,,triterpenoid sapogenin (13;28-epoxy-oleanane),root,P. veris / P. elatior / P. vulgaris,CC1(C)CCC2(CO6)C(O)CC3(C)C6(CCC4C5(C)CCC(O)C(C)(C)C5CCC34C)C2C1,constitution-only-model,C30H50O3,Core aglycone of primulasaponins; stereocentres deliberately unassigned
Priverogenin B 22-acetate (model),,triterpenoid sapogenin,root,P. veris / P. elatior,CC1(C)CC(OC(C)=O)C2(CO6)C(O)CC3(C)C6(CCC4C5(C)CCC(O)C(C)(C)C5CCC34C)C2C1,constitution-only-model,C32H52O5,Model: 13;28-epoxy-oleanane-3;16;22-triol 22-acetate - oxygenation pattern assumed from the congener name
Flavonoid: quercetin,,flavonol,aerial parts (trace in root),P. veris subsp. columnae,O=c1c(O)c(-c2ccc(O)c(O)c2)oc2cc(O)cc(O)c12,drawn-high-confidence,C15H10O7,Included as aerial-part comparator
Flavonoid: kaempferol,,flavonol,aerial parts,P. veris subsp. columnae,O=c1c(O)c(-c2ccc(O)cc2)oc2cc(O)cc(O)c12,drawn-high-confidence,C15H10O6,Included as aerial-part comparator
Flavonoid: rutin,quercetin-3-O-rutinoside,flavonol glycoside,aerial parts,P. veris subsp. columnae,C[C@@H]1O[C@@H](OC[C@H]2O[C@@H](Oc3c(-c4ccc(O)c(O)c4)oc4cc(O)cc(O)c4c3=O)[C@H](O)[C@@H](O)[C@@H]2O)[C@H](O)[C@H](O)[C@H]1O,drawn-high-confidence,C27H30O16,Included as aerial-part comparator
